{
    "robot_information": [
        {
            "model": "Meca500",
            "revision": "3",
            "version": "9.3.3.5809",
            "serial_number": "GetRobotSerial",
            "time_recorded": "2024-04-08-13-52-52",
            "monitoring_interval": "0.001"
        }
    ],
    "sent_commands": [
        "MoveJoints(30,-60,60,0,0,0)",
        "MoveJoints(0,-60,60,0,0,0)",
        "MoveJoints(0,0,0,0,0,0)"
    ],
    "test_context": {
        "testing_function_name": "",
        "data_origin_files": [],
        "data_columns_inspected": []
    },
    "test_results": {}
}