{
    "robot_information": [
        {
            "model": "Meca500",
            "revision": "3",
            "version": "9.3.3.5809",
            "serial_number": "GetRobotSerial",
            "time_recorded": "2024-04-08-17-25-12",
            "monitoring_interval": "0.001"
        }
    ],
    "sent_commands": [
        "MovePose(150, 0, -60, 180, 0, -180)"
    ],
    "test_context": {
        "testing_function_name": "",
        "data_origin_files": [],
        "data_columns_inspected": []
    },
    "test_results": {}
}