{
    "robot_information": [
        {
            "model": "Unknown",
            "revision": "0",
            "version": "0.0.0",
            "serial_number": "",
            "time_recorded": "2024-04-08-16-30-40",
            "monitoring_interval": "0.001"
        }
    ],
    "sent_commands": [
        "MovePose(130,-90,-55,180,0,-180)"
    ],
    "test_context": {
        "testing_function_name": "",
        "data_origin_files": [],
        "data_columns_inspected": []
    },
    "test_results": {}
}