{
    "robot_information": [
        {
            "model": "Meca500",
            "revision": "3",
            "version": "9.3.3.5809",
            "serial_number": "GetRobotSerial",
            "time_recorded": "2024-04-02-12-10-16",
            "monitoring_interval": "0.01"
        }
    ],
    "sent_commands": [
        "MovePose(150,0,-60.3,180,0,-180)"
    ],
    "test_context": {
        "testing_function_name": "",
        "data_origin_files": [],
        "data_columns_inspected": []
    },
    "test_results": {}
}